{
	"extra": {
		"height": 1920,
		"score": 0.9999105930328369,
		"width": 1080,
		"xrayfound": true
	},
	"result": {
		"x1": 25.505361557006836,
		"x2": 1048.53173828125,
		"y1": 833.0111083984375,
		"y2": 1672.771728515625
	}
}
